"","plot_name","ddlon","ddlat","Al","Ca","Cu","Fe","Mg","Mn","P","K","Zn","pH","Sand","OM","cec","BIO01","BIO02","BIO03","BIO04","BIO05","BIO06","BIO07","BIO08","BIO09","BIO10","BIO11","BIO12","BIO13","BIO14","BIO15","BIO16","BIO17","BIO18","BIO19","CLOUDinter","CLOUDintra","CLOUDmean","CLOUDseason","aspect","cnd","ci","elev","hand","lsf","plc","prc","tca","vd","twi","slope","api","hapi","LOGG"
"1","TCB002",10.85048,-3.22639,729.13,11.09,0.29,527.8,17.99,2.14,4.09,52.26,0.57,3.98,51.56,12.73,4.71,235.779708862305,39,460.939422607422,1162.57897949219,271.779693603516,186.524002075195,85,238.779708862305,217.779708862305,249.230545043945,215.779708862305,1850.74816894531,386.662322998047,1,76.893798828125,1008.45831298828,5.36190605163574,594.343383789062,15,473.938079833984,231.477676391602,9360.5439453125,13.9299764633179,2.89837431907654,21.3507385253906,4.95281362533569,307.168792724609,40.8135795593262,0.630467236042023,13715153,570926.1875,1.17109073016763e-06,106.398155212402,-16.6793193817139,1.55848002433777,0.235061421990395,0.713512122631073,0
"2","TCB003",10.8488,-3.23008,516.45,15.58,1.09,544.84,15.69,3.1,9.39,42.86,0.72,4.04,74.77,8.5,3.09,235.97102355957,39,460.130340576172,1165.88391113281,271.971038818359,186.48551940918,85,238.97102355957,217.97102355957,249.48551940918,215.97102355957,1888.53088378906,394.817535400391,1,77,1029.46166992188,5.69206762313843,605.703125,15,468.829711914062,241.207534790039,9363.78125,14.4883079528809,3.44793844223022,7.98681735992432,-4.51050758361816,289.830413818359,16.4419288635254,2.15225219726562,2142084,-13900333,4.84978772874456e-05,119.044853210449,-13.3264064788818,1.51034891605377,0.234136611223221,0.674528837203979,0
"3","TCB004",11.00414,-3.02803,984.98,73.89,0.55,432.62,62.38,21.75,14.47,72.87,1.05,4.04,30.89,8.72,9.19,243.552368164062,44,497.037445068359,1050.28393554688,279.552368164062,192.414276123047,88,245.552368164062,226.552368164062,255.552368164062,225.420272827148,1323.072265625,244.609008789062,0,74,631.460266113281,3,501.478668212891,5.98800134658813,701.849243164062,668.761962890625,8653.78515625,49.1604156494141,2.41743516921997,151.984252929688,10.5805292129517,304.813323974609,150.554870605469,0.462448865175247,35272636,24819258,2.1670432204246e-07,172.183547973633,-18.2583312988281,1.57077074050903,0.336430460214615,0.583488464355469,0
"4","TCB005",9.79111,0.74305,491.56,11.84,0.34,320.08,11,3.24,9.17,35.69,0.71,3.84,80.44,6.48,2.94,249.261688232422,40,577.307922363281,689.662963867188,283.13525390625,214.055053710938,69,248.055053710938,238.747131347656,258.747131347656,238.747131347656,2723.61962890625,497.643981933594,8,62.6118850708008,1334.92419433594,58.4475440979004,841.731323242188,58.4475440979004,652.564392089844,611.720764160156,8837.4306640625,42.156494140625,2.72405695915222,90.0956954956055,9.31753063201904,186.786849975586,90.2758483886719,0.481419622898102,20472446,13397034,2.38695179177739e-07,32.4788703918457,-17.8952121734619,1.57075643539429,0.878214001655579,0.439778298139572,89
"5","TCB006",9.89822,0.81033,439.6,25.43,0.77,606.79,15.43,2.97,12.65,31.47,0.85,4.12,78.39,7.26,2.27,254,42,590.514526367188,673.017150878906,289,218,71,252.485458374023,243,263,243,2657.11083984375,476.568237304688,8,62,1302.11010742188,58.6158332824707,833.943115234375,58.6158332824707,738.0673828125,687.729858398438,8432.75,50.4542922973633,2.78945422172546,0.178484693169594,-6.37566328048706,24.7787227630615,4.44724225997925,6.82671022415161,348607.78125,-811642.8125,0.00302414339967072,186.345031738281,-8.24482154846191,1.45400261878967,0.610820293426514,0.401825219392776,49
"6","TCB007",9.61418,0.79839,444.16,29.19,0.1,205.77,19.94,1.97,2.36,34.91,0.43,4.23,87.22,4.14,3.04,254,35.3909683227539,548.8447265625,733.799072265625,286.138122558594,221.390975952148,65,252.390975952148,242.390975952148,264,242.390975952148,3422.50390625,624.964721679688,11,63,1689.60522460938,78.804801940918,1077.640625,78.804801940918,881.417541503906,742.560974121094,7622.4501953125,57.4577827453613,3.69783425331116,12.6082344055176,1.50232625007629,36.4406814575195,11.1895523071289,0.57943993806839,169336.265625,1015323.25,5.5331759085675e-07,178.650695800781,-15.1603260040283,1.53666734695435,0.907620847225189,0.441621571779251,89
"7","TCB008",9.79168,0.77429,364.22,12.46,0.16,183.82,11.92,1.36,4.95,21.27,0.39,4.16,89.41,3.63,2.37,251.196640014648,40,578.291381835938,690.795349121094,285.543365478516,216.196640014648,69,250.196640014648,240.543365478516,260.543365478516,240.543365478516,2615.02197265625,476.682769775391,8,62.1652488708496,1285.60925292969,58,813.367980957031,58,665.7841796875,671.342041015625,8694.7578125,44.8088150024414,3.30104398727417,10.8465785980225,0.318482428789139,89.1557693481445,13.3092775344849,0.723613739013672,204305.75,273473,1.14407509954617e-06,128.741195678711,-15.0602025985718,1.55674684047699,0.784353852272034,0.417890131473541,89
"8","TCB009",9.71827,0.76987,824.5,8.21,0.66,294.24,14.5,2.53,3,49.24,0.64,4.12,66.89,6.15,6.7,251.718597412109,38,567.144348144531,706.57421875,284.793365478516,217.718597412109,67.6381149291992,250.718597412109,240.718597412109,261.718597412109,240.718597412109,3012.14794921875,559.420288085938,9.20662689208984,63,1488.44348144531,67.7694320678711,927.627685546875,67.7694320678711,616.685363769531,655.765075683594,8770.689453125,47.4603614807129,2.56289386749268,22.3674335479736,2.575763463974,101.033813476562,33.349853515625,0.560774683952332,761470.0625,3664217.25,4.89323838337441e-07,115.99299621582,-15.5122842788696,1.55114054679871,0.776717483997345,0.438093096017838,89
"9","TCB010",14.2028,-1.540769,137.15,5.17,0.03,185.78,5.27,0.49,12.56,19.61,0.32,3.9,95.83,2.91,1.21,238.776062011719,48,590.594543457031,668.9326171875,275.37060546875,194.8369140625,81,237.37060546875,229.8369140625,247.776062011719,228.37060546875,1568.63342285156,218.741363525391,12,52,642.326354980469,59,520.402587890625,62,771.908203125,557.966430664062,8313.5263671875,21.4123668670654,2.0303270816803,6.16390514373779,-1.02360641956329,443.056396484375,14.7339210510254,2.84460234642029,-960468.625,-6606707,6.76284025757923e-06,142.333679199219,-14.1175928115845,1.52701079845428,0.396209686994553,0.621036291122437,0
"10","TCB011",14.0867,-1.46661,265.4,2.69,0.04,333.13,2.75,0.57,9.04,11.53,0.25,3.58,93.02,3.91,1.31,235.610794067383,47,588.939147949219,676.652221679688,272.610809326172,192.077102661133,80,234.077102661133,226.610794067383,244.610794067383,225.077102661133,1696.14440917969,243.225433349609,13.405463218689,53,711.400390625,65.5610046386719,555.414978027344,66.0947036743164,694.835327148438,482.299560546875,8303.173828125,21.7697696685791,4.75161981582642,15.2118053436279,-1.12393534183502,481.854827880859,16.0053310394287,2.88316226005554,1655990.25,-2952097,1.49766920003458e-05,132.706161499023,-14.4201135635376,1.54581069946289,0.382427960634232,0.499150931835175,0
"11","TCB012",14.088,-1.46354,157,4.45,0.33,306.31,3.94,0.58,32.12,14.72,0.15,3.66,89.56,2.83,0.89,236.161209106445,47,589.138061523438,677.132690429688,273.023162841797,192.339279174805,80,234.339279174805,227.161209106445,245.161209106445,225.339279174805,1700.21203613281,244.743881225586,13.3446187973022,53,714.562866210938,65.4069900512695,555.2978515625,66.6430206298828,711.736694335938,477.396087646484,8285.33203125,22.047534942627,4.70973777770996,12.7064332962036,1.58823454380035,477.799072265625,15.6389570236206,3.09248805046082,4562107,-2829725.25,4.15515751228668e-05,135.032440185547,-14.6491975784302,1.54352259635925,0.373175263404846,0.484603017568588,0
"12","TCB013",14.0698,-1.61983,174.4,2.78,0.04,415.25,3.35,0.84,12.48,14.41,0.23,3.71,94.22,4.2,1.61,234.829208374023,48,587.9951171875,673.761840820312,270.867767333984,189.867767333984,81,232.867767333984,225.829208374023,243.829208374023,223.872619628906,1865.55517578125,275.754211425781,14.107105255127,54,816.176147460938,64.3213119506836,588.313171386719,72.5355224609375,727.992858886719,485.852203369141,8319.0205078125,10.457368850708,2.31804299354553,46.0079917907715,3.15950393676758,525.228149414062,55.5700302124023,2.37958240509033,706830,11366180,4.6677228056069e-06,102.878448486328,-16.3802471160889,1.55331909656525,0.336358904838562,0.304745703935623,0
"13","TCB015",14.0461,-1.69459,163.38,2.1,0.13,169.38,2.63,0.34,9.01,8.58,0.14,3.82,89.34,3.71,0.73,236.424209594727,48,586.169494628906,673.692504882812,273.254730224609,191.430206298828,82,235.29216003418,227.424209594727,245.430206298828,226.29216003418,1919.41662597656,263.58154296875,14.3194875717163,53,789.042419433594,68.1321411132812,652.1357421875,71.3213653564453,795.110900878906,522.939086914062,8135.81884765625,24.3645038604736,2.82913970947266,1.92078411579132,-7.25333261489868,458.215393066406,5.24802923202515,3.87679529190063,-4699638.5,-8592914,1.64812609000364e-05,177.275039672852,-12.8925676345825,1.53924918174744,0.315741986036301,0.363073378801346,0
"14","TCB016",13.9664,-1.45201,225.63,2.22,0.1,396.73,2.65,0.8,14.62,12.53,0.16,3.62,94.5,3.87,1.29,234.252853393555,47,586.318542480469,682.907470703125,271.252838134766,190.820434570312,80,233.252853393555,223.820434570312,243.252853393555,223.820434570312,2005.34191894531,279.959777832031,14.6814498901367,53,822.157287597656,72.8204193115234,682.1416015625,72.8204193115234,701.109130859375,371.126373291016,8597.228515625,16.6561450958252,2.66432404518127,2.19303011894226,-0.453926503658295,502.110626220703,11.9134101867676,0.907805502414703,689425.375,-2201794.75,1.99718397198012e-06,114.767387390137,-13.799506187439,1.52907621860504,0.50750470161438,0.999985814094543,0
"15","TCB017",14.1275,-1.30542,790.48,7.27,0.12,130.21,7.12,0.86,21.4,24.18,0.39,4,85.6,8.53,2.4,240,47,590.793395996094,675.80322265625,277,197.295425415039,79.2065887451172,238.295425415039,229.40739440918,249,229.295425415039,1686.26245117188,241.05924987793,12.888032913208,52,693.992553710938,66.0501174926758,559.855834960938,66.0732498168945,718.724914550781,370.792999267578,8490.642578125,12.0945701599121,3.434086561203,1.11408805847168,2.88980317115784,408.740417480469,4.43276214599609,6.2753734588623,1543147.875,-818226.5625,0.00185063621029258,144.186538696289,-9.31496906280518,1.45875430107117,0.194921314716339,0.288423955440521,0
"16","TCB018",14.1183,-1.67104,84.99,1.18,0.03,133.96,1.59,0.25,9.88,5.54,0.09,3.73,91.24,2.04,0.76,235.409881591797,48,588.626037597656,669.330505371094,272.063629150391,190.437591552734,81,234.06364440918,226.035934448242,244.409881591797,225.409881591797,2050.64111328125,275.418029785156,15.4330883026123,53,813.387878417969,76.4175338745117,717.795837402344,76.4175338745117,785.360717773438,551.607421875,8227.3583984375,16.3190364837646,3.36606860160828,3.89783978462219,-4.56352043151855,482.454010009766,8.23623085021973,3.71964120864868,2082624.625,-10623610,5.06543219671585e-05,150.708511352539,-11.9054660797119,1.49433040618896,0.285189568996429,0.366209954023361,0
"17","TCB019",14.0757,-1.61633,430.17,8.99,0.42,83.34,1.82,0.56,20.79,1.86,0.46,4.07,93.1,4.63,0.67,234.905380249023,48,587.708679199219,673.401184082031,271.740112304688,190.448806762695,81,233.740112304688,225.905380249023,243.905380249023,224.740112304688,1919.04919433594,283.573669433594,14.9847526550293,54,833.89990234375,67.5922927856445,608.7529296875,75.6476974487305,728.498107910156,520.967651367188,8296.4208984375,12.9047479629517,3.9500412940979,8.2221212387085,-3.57223224639893,480.611968994141,16.8603992462158,2.69965434074402,-3991642,-8804729,2.73857290267188e-06,148.892501831055,-15.2450923919678,1.54274618625641,0.337003022432327,0.309753328561783,0
"18","TCB020",14.184,-1.47721,77.44,18.73,0.06,88.54,14.44,0.98,15.64,46.5,1.22,4.48,99.1,1.36,2.5,239.557037353516,47,590.931457519531,672.845825195312,276.369812011719,195.812789916992,80,237.812789916992,230.557037353516,248.557037353516,228.812789916992,1673.78076171875,238.003082275391,12.8252391815186,52.2557601928711,692.870300292969,63.2324066162109,551.434692382812,66.3386154174805,713.392211914062,502.837097167969,8418.427734375,21.2377414703369,2.86913466453552,1.90974843502045,-0.887227475643158,425.316070556641,8.66290855407715,3.92559432983398,632386.25,-1759980.25,0.000142089062137529,152.334594726562,-12.6816835403442,1.52214312553406,0.288038223981857,0.377891629934311,0
"19","TCB021",14.1203,-1.64032,150.77,12.16,0.16,252.82,3.64,0.82,23.66,10.21,0.14,3.87,92.9,1.65,0.82,227.911163330078,48,588,668.596618652344,264.727722167969,183.704574584961,81,226.911163330078,218.911163330078,236.911163330078,217.911163330078,2335.11181640625,319.185821533203,17.2954196929932,53,949.190551757812,85.1816787719727,796.316040039062,88.1101913452148,682.250122070312,472.902313232422,8388.203125,11.7371263504028,1.3224583864212,68.8232955932617,2.60764360427856,654.733215332031,82.6581115722656,2.53414630889893,4030608.25,1423613.25,6.38485971649061e-07,12.6915836334229,-16.0157299041748,1.56891262531281,0.29072031378746,0.337550818920135,0
"20","TCB022",14.1208,-1.60402,172.96,4.89,0.14,273.56,3.86,0.64,15.3,12.48,0.19,3.8,92.55,2.12,0.66,226.155380249023,48,589,668.369567871094,263.048278808594,182.048278808594,81,225.048278808594,217.155380249023,235.155380249023,216.048278808594,2313.2412109375,326.147338867188,17.2624912261963,53,963.529174804688,82.8608856201172,765.605224609375,89.720085144043,770.288452148438,474.306579589844,8243.3310546875,10.2608919143677,3.11593842506409,71.3202819824219,5.38955688476562,681.716430664062,82.0775680541992,2.17647957801819,1902105.625,5180414,3.28348562561587e-07,3.60218095779419,-15.8853998184204,1.54631066322327,0.337274551391602,0.344164341688156,0
"21","TEA009",9.4264,-0.08148,301.46,2.02,0.3,113.01,3.9,0.53,9.16,10.68,0.39,4.14,87.07,3.15,0.97,250.563354492188,31,491.638122558594,775.718627929688,279.563354492188,217.356735229492,62.712890625,248.850463867188,238.563354492188,260.850463867188,238.563354492188,2389.13623046875,419.357940673828,4.07476854324341,66,1168.40197753906,21.0622119903564,882.101196289062,21.0622119903564,611.822387695312,392.648956298828,8879.1806640625,26.9335918426514,3.61990809440613,2.12166976928711,-5.63050079345703,81.8874664306641,2.44440698623657,1.06256031990051,-15463.666015625,-1997939.875,4.43514682046953e-06,124.790817260742,-11.5506763458252,1.47960412502289,0.915930092334747,0.414078742265701,89
"22","TEA010",9.42468,-0.10581,219.72,2.94,0.13,165.02,3.72,0.81,10.03,8.57,0.22,3.98,86.3,2.84,0.72,247.793395996094,31,492.370971679688,773.752380371094,277.278839111328,214.359039306641,63,246.278854370117,235.793395996094,258.278839111328,235.793395996094,2865.92993164062,504.480285644531,5,66.6920700073242,1406.0576171875,25.2528419494629,1057.87646484375,25.2528419494629,644.280578613281,401.589691162109,8924.416015625,27.6880683898926,3.90759420394897,16.9012470245361,4.04405927658081,138.009735107422,16.4578628540039,0.66979306936264,4949497,1225317.625,2.0688273707492e-06,70.8435134887695,-16.3299293518066,1.56096231937408,0.851152062416077,0.395098775625229,89
"23","TEA011",9.43815,-0.08705,64.37,1.79,0.08,50.34,1.21,0.22,2.78,2.62,0.11,4.16,90.85,0.79,0.46,251.043395996094,31,495.100738525391,771.773132324219,280.181518554688,217.181503295898,63,249.181503295898,239.043395996094,261.181518554688,239.043395996094,2251.421875,396.716003417969,4,66.9940032958984,1104.05334472656,20,832.193176269531,20,613.407348632812,345.246826171875,9018.041015625,23.3227634429932,2.86823964118958,12.9278869628906,1.46620988845825,84.2824096679688,12.982705116272,0.659391283988953,-944021,5235783,1.18130867576838e-06,122.459617614746,-14.5870876312256,1.53903377056122,0.820455193519592,0.410141289234161,89
"24","TEA040",11.335859,-3.376691,626.74,67.71,0.93,299.63,27.9,1.63,5.28,29.36,0.45,4.19,46.14,7.62,4.13,218.490234375,46,499.366851806641,1083.13671875,255.750839233398,164.378326416016,91.260612487793,221.378326416016,201.378326416016,231.378326416016,199.490234375,1707.78332519531,347.195373535156,1,76,866.862854003906,6,634.539794921875,10.4130992889404,655.990112304688,286.001678466797,9134.3779296875,10.0357503890991,1.33333516120911,171.060775756836,5.42996120452881,721.810485839844,199.722366333008,0.513080716133118,3807326.5,28882364,2.9344772656259e-07,21.5190143585205,-17.7252864837646,1.5707448720932,0.131164833903313,0.143897756934166,0
"25","TEA041",11.340918,-3.379055,633.69,288.45,0.46,443.99,90.47,10.34,5.69,15.28,0.68,4.71,48.08,5.4,3.81,217.90966796875,46,499.929962158203,1081.64221191406,254.936264038086,163.892807006836,91.0434494018555,220.90966796875,200.892807006836,230.521591186523,198.90966796875,1696.53576660156,347.211700439453,1,76,866.412109375,5.98313760757446,630.46044921875,10.170654296875,654.970153808594,274.347930908203,9118.4951171875,8.77536392211914,2.7293062210083,155.116821289062,6.08921241760254,719.451171875,194.23713684082,0.502916574478149,1487175.25,27587646,2.78332066727671e-07,11.2494087219238,-17.4810638427734,1.57074105739594,0.130252420902252,0.142909273505211,0
"26","TEA042",11.345097,-3.367422,634.74,84.35,1.81,971.53,58.62,5.93,7.03,49.88,0.91,4.22,20.49,12.43,4.68,231.062957763672,46,497.861999511719,1097.40759277344,268.114044189453,176.114044189453,92,234.002136230469,213.114044189453,243.114044189453,212.062957763672,1281.587890625,259.915679931641,1,76,647.353332519531,5.0510950088501,483.880096435547,7.91309928894043,689.515014648438,361.553466796875,8903.009765625,13.5747880935669,3.33164763450623,62.2685127258301,5.26249742507935,446.029602050781,135.782928466797,0.573925971984863,19798702,1795215,6.28799000423896e-07,199.753402709961,-17.6344661712646,1.57076394557953,0.136423259973526,0.148395627737045,0
"27","TEA043",11.341747,-3.373749,324.97,68.52,0.39,385.58,41.34,3.98,6.94,25.31,0.31,5.04,57.25,2.44,1.35,222.749862670898,46,499.259857177734,1087.89221191406,259.946533203125,168.403091430664,91.5434494018555,225.749862670898,205.403091430664,235.111770629883,203.749862670898,1531.70593261719,313.471984863281,1,76,781.352783203125,5.65323257446289,572.790405273438,9.33046436309814,671.22119140625,311.263305664062,9022.025390625,11.7947578430176,4.44548559188843,91.7358093261719,0.229458168148994,598.051147460938,95.780158996582,0.736824214458466,397536.46875,-1091620.25,1.0610924618959e-06,80.0712432861328,-16.9597549438477,1.57076191902161,0.132262468338013,0.144691795110703,0
"28","TEA044",11.345342,-3.361845,997.27,13.4,0.15,672.12,8.85,2.31,2.56,33.99,0.65,3.88,3.72,7.44,6.95,234.83805847168,46,497,1100.68273925781,271.876647949219,179.876647949219,92,237.726135253906,216.876647949219,246.876647949219,215.833190917969,1198.00158691406,241.197311401367,1,75.9614105224609,600.961486816406,5,453.197235107422,7,686.096984863281,364.142364501953,8869.5107421875,11.7693948745728,2.53989219665527,17.6017169952393,0.532546043395996,369.774475097656,62.6735610961914,1.11585867404938,1342066.625,4514632.5,4.19161187892314e-06,265.0712890625,-16.0269374847412,1.57074522972107,0.138569489121437,0.15031424164772,27
"29","TEA045",11.347917,-3.360503,375.13,28.24,3.63,235.5,35.25,193.71,3.38,59.3,0.51,4.17,41.76,6.43,3.48,237.49836730957,46,496.725799560547,1102.47521972656,274.677947998047,182.677932739258,92.2742004394531,240.110290527344,219.677932739258,249.677932739258,218.110290527344,1158.22741699219,232.240386962891,1,75.7065505981445,578.827819824219,5,438.490661621094,7,674.087829589844,355.757690429688,8860.841796875,12.6480684280396,2.38476753234863,10.0683536529541,-1.20660245418549,306.369750976562,10.6360454559326,1.14701926708221,1601898,-3853523.25,6.01106103204074e-06,312.393951416016,-14.2868614196777,1.52736306190491,0.139784410595894,0.151228010654449,27
"30","TEA046",11.350232,-3.35482,618.63,10.4,1.45,393.19,15.49,2.84,3.03,40.13,0.51,3.82,40.87,12.51,5.06,240.291900634766,46,497.027709960938,1102.60925292969,277.65380859375,185.638092041016,92,242.65380859375,222.638092041016,252.65380859375,220.65380859375,1121.00842285156,222.9951171875,1,75,555.6826171875,5,425.861297607422,7,696.56591796875,342.363098144531,8852.1806640625,13.6343040466309,2.41748833656311,14.6251077651978,1.99432444572449,280.835906982422,9.85723304748535,0.601760149002075,-944282.4375,4421902,5.78888716518122e-07,322.460815429688,-16.3401889801025,1.56622111797333,0.143255233764648,0.154154002666473,27
"31","TEA047",10.8075,-1.572222,413.14,4.04,0.85,126.66,8.62,1.27,2.82,14.61,0.27,4.2,57.97,5.14,2.24,251,44,549.919799804688,752.059020996094,286,206.919830322266,79.0801773071289,251,239,261,239,1980.65368652344,348.177062988281,3,67,967.020629882812,13,718.434814453125,13,726.036987304688,839.596313476562,8294.6689453125,65.758430480957,3.68167352676392,0.597129285335541,1.71674883365631,107.886703491211,3.79419112205505,1.13805639743805,382825.03125,-520731.3125,1.20724689622875e-05,285.612457275391,-11.5278577804565,1.45233249664307,0.262490004301071,0.421246588230133,0
"32","TEA048",11.028,-2.006906,426.39,279.12,13.11,460.29,97.16,103.35,7.4,88.98,4.3,4.73,36.26,7.73,4.84,252,44,539.816528320312,809.206604003906,288,206,82,252.793426513672,239,262,239,1685.10290527344,300.339904785156,3,68.1834564208984,832.019714355469,13,598.015563964844,13,786.448181152344,929.98486328125,8268.3935546875,67.4874420166016,4.28590965270996,4.11231470108032,-4.89364671707153,105.048515319824,3.32624959945679,1.18332064151764,-1110639.125,-1704278.625,1.60799827426672e-05,180.840255737305,-13.5583591461182,1.51608037948608,0.842254400253296,0.629980087280273,0
"33","TEA049",11.1037,-2.046364,80.57,611.58,3.43,355.16,131.19,534.21,2.5,168.94,1.68,5.37,34.77,2.86,6.76,251.145614624023,44,538.854370117188,811.558471679688,286.150482177734,204.150482177734,82,251.150482177734,237.150482177734,261.145629882812,237.150482177734,1892.13317871094,338.949188232422,3.88808917999268,69,936.410888671875,13.8880891799927,673.865417480469,13.8880891799927,752.806335449219,901.5185546875,8204.25390625,68.7960968017578,3.48215270042419,28.1889400482178,7.23102140426636,146.039962768555,21.6810684204102,0.515385091304779,2652962.5,2391308.25,3.54011916670061e-07,138.676971435547,-15.7732057571411,1.56085729598999,0.51518440246582,0.72138500213623,0
"34","TJK016",9.87217,-0.122517,113.86,376.87,1.07,91.11,71.31,56.75,1.3,24.5,1.22,5.09,63.97,6.2,3.06,246.580978393555,40,563.068481445312,661.633483886719,279.580993652344,208.580978393555,71,245.374374389648,236.580978393555,256.374359130859,236.580978393555,2529.04125976562,454.276916503906,4.86188793182373,67,1316.53393554688,24.9988842010498,887.229553222656,24.9988842010498,685.576354980469,684.537719726562,8706.974609375,49.2272834777832,4.06598424911499,152.865097045898,5.38878059387207,211.799621582031,160.590591430664,0.517677366733551,-232495.015625,23704736,3.09709122348067e-07,37.9502449035645,-17.4671421051025,1.57074785232544,0.51932829618454,0.460750371217728,49
"35","TJK018",9.87158,-0.105115,151.63,165.84,3.21,304.93,93.51,102.11,1.42,25.43,1.73,4.48,65.47,6.13,2.9,251.931503295898,40,561.138122558594,669.379028320312,284.931488037109,213.821929931641,71,250.793395996094,241.821929931641,261.615325927734,241.821929931641,2185.85766601562,391.880401611328,4,67,1131.22216796875,21.7237758636475,773.924072265625,21.7237758636475,715.492614746094,737.590148925781,8690.9365234375,52.0542030334473,3.22573661804199,0.912074685096741,0.101083919405937,33.710521697998,1.55790328979492,1.08101344108582,433227.46875,-2074000.125,1.51841895785765e-05,225.01708984375,-12.5787305831909,1.48335576057434,0.511511862277985,0.460212767124176,49
"36","TJK021",9.66579,-0.165863,485.24,1369.26,0.72,797.27,398.66,41.84,4.73,113.44,2.71,4.81,35.92,17.85,11.91,252.611877441406,37,536.441223144531,709.910705566406,284.102172851562,215.89128112793,68,251.102172851562,241.611877441406,262.434661865234,241.611877441406,2468.51440429688,448.14892578125,4,67.6118850708008,1264.10388183594,22,895.623779296875,22,645.903503417969,589.473937988281,8690.2314453125,41.4528694152832,4.51213312149048,5.52365779876709,0.574879229068756,31.1239261627197,9.26490020751953,1.60613560676575,1721061.25,-3111531.5,0.000157897593453526,190.833465576172,-14.6077642440796,1.55077469348907,0.549696683883667,0.38474103808403,89
"37","TJK022",9.67598,-0.15812,191.58,257.78,0.28,68.38,13.75,3.63,77.61,8.66,0.42,5.01,92,2.25,1.17,252.543395996094,37,538.276245117188,707.613891601562,284.543395996094,215.543395996094,68,251.196640014648,241.543395996094,262.543395996094,241.543395996094,2432.73852539062,438.619445800781,4,67,1243.3251953125,22,877.105102539062,22,630.34228515625,577.855712890625,8729.7119140625,40.9053230285645,3.562824010849,28.2193775177002,6.41485023498535,57.2978935241699,35.1339721679688,0.496600896120071,1347213.125,4362680,2.9724395744779e-07,165.06201171875,-15.9760103225708,1.5608423948288,0.554829180240631,0.390955895185471,89
"38","TJK023",9.65777,-0.151157,202.04,16.22,0.28,176.9,19.06,3.77,4.83,23.44,0.56,4.23,89.02,2.95,1.06,252.293395996094,36.2742462158203,535.820495605469,710.650146484375,283.567626953125,216,68,250.567642211914,241.293395996094,262.179534912109,241.293395996094,2489.15454101562,453.084259033203,4,67.7066116333008,1270.50817871094,22,911.865173339844,22,662.064636230469,552.712707519531,8792.15234375,39.0274658203125,2.45845437049866,12.744987487793,-0.474711328744888,49.0560302734375,27.4278106689453,0.631902515888214,2287.6494140625,-661947.125,7.34850686967548e-07,170.540603637695,-15.5525016784668,1.5513334274292,0.574345946311951,0.388267934322357,89
"39","TJK025",9.68532,-0.17723,181.56,50,0.42,239.65,17.89,2.36,7.23,30.48,0.45,4.07,90.37,3.06,1.34,251.293395996094,37,539.382385253906,703.911010742188,283,214.293395996094,68.8938293457031,249.549102783203,240.293395996094,260.549102783203,240.293395996094,2592.71899414062,466.744232177734,4.81278276443481,67,1326.14599609375,24.8127822875977,930.083251953125,24.8127822875977,677.728515625,586.325927734375,8768.0048828125,42.4826316833496,4.01140785217285,11.6279850006104,-0.0150809986516833,62.933536529541,19.8932704925537,0.707571625709534,306644.25,-200646.921875,1.33254604861577e-06,162.295104980469,-15.8614282608032,1.54810297489166,0.52740889787674,0.385907858610153,89
"40","TJK026",9.68198,-0.17437,197.41,6.4,0.09,185.32,5.72,0.72,3.08,11.04,0.26,4.3,89.11,3.39,1.25,251.543395996094,37,539.108703613281,704.434692382812,283,214.543395996094,68.6675109863281,249.822784423828,240.543395996094,260.822784423828,240.543395996094,2586.74536132812,465.673187255859,4.78910160064697,67,1322.95654296875,24.7891006469727,928.1201171875,24.7891006469727,688.447448730469,567.444274902344,8769.220703125,41.2562980651855,2.76570653915405,11.5368747711182,-0.687613368034363,60.5113754272461,22.067403793335,0.676149427890778,3121510,-4079646,8.39613051084598e-07,164.326705932617,-16.0003395080566,1.56178689002991,0.530859649181366,0.386132538318634,89
"41","TJK027",12.5835,-1.65073,680.76,8.16,0.25,790.72,10.67,2.54,3.77,34.86,0.72,3.86,41.73,12.19,5.03,224.275100708008,45,559.638061523438,717.219665527344,260.109832763672,180.109848022461,80,223.275100708008,213.109848022461,233.275100708008,213.109848022461,1787.07250976562,278.454803466797,4,62,782.520874023438,23.276123046875,670.341552734375,23.276123046875,796.281372070312,443.167419433594,8255.33203125,21.2810974121094,2.97327780723572,47.6667442321777,2.26715421676636,708.821044921875,44.6088256835938,0.548854470252991,3686472,6946452,4.90009711029415e-07,40.8146743774414,-17.1610717773438,1.55618000030518,0.39600545167923,0.318758547306061,49
"42","TJK028",12.5898,-1.65778,661.78,7.09,0.38,546.57,10.35,1.99,2.78,28.98,0.63,4.05,40.55,13.18,4.5,223.698776245117,45,560.388061523438,717.379211425781,259.487884521484,179.487899780273,80,222.875961303711,212.487899780273,232.875961303711,212.487899780273,1856.52758789062,290.682708740234,4,62,818.314514160156,24,690.773681640625,24,772.307983398438,425.722442626953,8265.53515625,21.6340389251709,3.93649864196777,28.3651084899902,0.50318843126297,693.798095703125,26.8216018676758,0.601556062698364,-938039.625,1244736.25,7.32880153009319e-07,63.4602279663086,-17.0328712463379,1.56937050819397,0.423101365566254,0.313292622566223,49
"43","TJK029",12.5727,-1.6586,466.13,16.99,0.19,926.78,32.98,4.47,2.21,51.88,0.81,4.74,46.37,15.27,3.71,226.798904418945,45,559,717.606628417969,262.723876953125,182.723876953125,80,225.798904418945,215.723876953125,235.798904418945,215.723876953125,1555.08471679688,237.664627075195,3.13806176185608,62,667.366638183594,19.4141845703125,590.306335449219,19.4141845703125,780.347961425781,421.875885009766,8266.212890625,18.4078941345215,3.43120765686035,7.81197452545166,-2.59145188331604,617.006469726562,22.143367767334,10.084867477417,4549068.5,-11833527,0.00385291269049048,133.989974975586,-11.3648481369019,1.50111162662506,0.351990431547165,0.329052299261093,49
"44","TJK030",12.5848,-1.65522,438.71,605.68,4.58,1594.64,128.69,77.73,14.13,88.82,4.45,5.04,37.36,19.33,6.85,225.023544311523,45,559.638061523438,718.793395996094,260.736389160156,180.736373901367,80,224.023544311523,213.736373901367,234.023544311523,213.736373901367,1801.95776367188,280.462524414062,4,62,788.40380859375,23.276123046875,677.465881347656,23.276123046875,783.782775878906,438.327453613281,8271.4287109375,20.8016242980957,2.97541832923889,10.3925304412842,-1.97691452503204,660.570739746094,13.5595684051514,0.994475483894348,-2707910.25,-4827245.5,4.47307184003876e-06,93.7656478881836,-16.2579517364502,1.57005429267883,0.394799143075943,0.318390101194382,49
"45","TJK031",12.5794,-1.78649,483.7,15.49,0.32,819.6,12.67,2.53,2.54,39.4,0.54,4.33,47.89,13.68,3.61,218.169494628906,45,558.005981445312,719.988037109375,254.126068115234,173.169494628906,80.9565811157227,217.169494628906,207.169494628906,227.169494628906,207.169494628906,1655.37377929688,261.251007080078,4,63,724.017211914062,20,618.697326660156,20,677.866516113281,323.525390625,8723.185546875,17.8617057800293,4.37692499160767,22.1271724700928,-0.481500744819641,795.295654296875,26.1226062774658,0.974568665027618,35895.1796875,-1979086.625,7.47756303098868e-06,38.1135139465332,-16.0745391845703,1.56905829906464,0.33171409368515,0.331286489963531,0
"46","TJK032",12.5766,-1.79217,737.07,13.34,0.44,795.34,13.94,2.9,4.15,48.83,0.88,4.04,35.72,16.41,3.69,218,45,558,719.708679199219,253.708679199219,173,81,217,207,227,207,1667.44543457031,263.440338134766,4,63,729.502502441406,20,623.990539550781,20,677.372314453125,315.944427490234,8735.6572265625,16.5157241821289,3.85435318946838,15.5197515487671,-0.619695425033569,792.682556152344,23.7534275054932,0.638712823390961,1269105.125,-2205287.5,9.90808189271775e-07,42.8245124816895,-16.3274097442627,1.53640174865723,0.317395657300949,0.335366070270538,49
"47","TJK033",12.5874,-1.79072,304.38,134.74,2.4,529.14,37.86,19.71,8.01,35.81,1.17,4.85,76.07,9.03,2.15,218.48258972168,45,558.405456542969,719.543395996094,254.431488037109,173.48258972168,81,217.888061523438,207.48258972168,227.48258972168,207.48258972168,1634.67041015625,257.179321289062,4,63,712.452026367188,20,612.642456054688,20,674.930603027344,327.231597900391,8719.10546875,17.8316287994385,2.98685956001282,10.7801561355591,-3.24411511421204,762.958679199219,15.5129728317261,1.86739611625671,-637877.5625,-8411353,4.49885046691634e-05,71.2997894287109,-15.5732469558716,1.55816686153412,0.345768362283707,0.325797975063324,0
"48","TJK037",12.8004,0.5174,416.6,13.77,0.38,428.45,12.72,1.95,2.92,33.33,0.48,4.18,44.15,10.77,2.82,231.181442260742,43,604.511962890625,655.66943359375,267.181427001953,195.669464111328,71.4880218505859,229.181442260742,221.669464111328,240.181442260742,221.669464111328,1574.26123046875,279.224090576172,11.7086486816406,60,721.752807617188,60.7630767822266,568.834228515625,60.7630767822266,709.51220703125,736.389099121094,8180.150390625,44.3455657958984,2.00191783905029,12.6667261123657,-0.344455569982529,497.514770507812,18.066967010498,1.4164514541626,383170.34375,-4214165.5,2.76479586318601e-05,82.2795028686523,-14.708592414856,1.55711328983307,0.428220897912979,0.720125675201416,0
"49","TJK039",12.7987,0.510182,434.94,27.48,1.61,620.94,16.8,3.62,4.49,52.23,0.48,4.2,40.23,10.97,2.83,230.388061523438,43,604.485473632812,654.776123046875,266.307861328125,194.695938110352,71.3078765869141,228.388061523438,220.695938110352,239.307876586914,220.695938110352,1621.75329589844,287.435913085938,11.818564414978,60,743.269348144531,62.5192184448242,586.348022460938,62.5192184448242,720.440368652344,711.557983398438,8200.478515625,44.438362121582,3.25611281394958,54.0042762756348,4.63109064102173,547.214050292969,63.3173637390137,0.546768248081207,460758.9375,2203304,4.86298290525156e-07,32.0711135864258,-15.392276763916,1.54503774642944,0.404224067926407,0.728509485721588,0
"50","TJK040",12.7989,0.50533,401.82,15.82,1.52,468.15,11.26,2.18,3.14,38.57,0.47,4.02,40.26,10.25,3.14,230.388061523438,43,604.026550292969,654.776123046875,266.016845703125,194.404891967773,71.0168304443359,228.388061523438,220.404891967773,239.016830444336,220.404891967773,1658.02209472656,293.189666748047,12.568564414978,60,757.194763183594,64.1871337890625,600.396545410156,64.1871337890625,725.560546875,675.940673828125,8214.8203125,42.5522575378418,3.26162385940552,50.740406036377,2.48651099205017,540.902709960938,52.1303863525391,0.634488642215729,1662598.25,2483823.25,6.79700747241441e-07,37.9375267028809,-15.6936864852905,1.56666147708893,0.385635316371918,0.749077677726746,0
"51","TJK041",12.792,0.506447,438.25,13.37,0.6,453.85,11.87,2.12,3.19,37.67,0.43,4.17,43.24,11.25,3.22,229.744247436523,43,604.399536132812,653.787658691406,265.744232177734,194,71,228,220,238.744247436523,220,1719.17761230469,304.94140625,12.8128080368042,60,786.412841796875,66.9499359130859,622.108825683594,66.9499359130859,737.208923339844,645.737915039062,8273.6025390625,41.1801147460938,2.94131875038147,44.3510704040527,4.39253664016724,540.598999023438,42.5701332092285,0.547764182090759,1098867.625,5154904.5,4.04001667675402e-07,38.4862594604492,-16.0895175933838,1.55363488197327,0.384561061859131,0.703573167324066,0
"52","TJK042",12.8012,0.50145,374.18,11.21,0.8,479.96,12.49,2.77,2.62,33.8,0.4,4.05,40.63,10.24,2.42,230.638061523438,43,604.074768066406,655.201354980469,266.1318359375,194.769897460938,71.1318359375,228.638061523438,220.769897460938,239.1318359375,220.769897460938,1628.23449707031,287.110900878906,12.3619422912598,60,742.415100097656,62.7972717285156,590.73193359375,62.7972717285156,724.722900390625,698.324829101562,8190.9365234375,42.899772644043,3.15568542480469,41.3783378601074,-0.406808525323868,527.440612792969,46.69873046875,0.729446828365326,-190918.640625,4690578,7.82639574481436e-07,51.2000007629395,-15.3785791397095,1.5653600692749,0.382005304098129,0.778446018695831,0
"53","TJK049",12.3002,0.405693,427.08,13.53,1.29,493.66,15.56,2.49,3.5,42.5,0.54,3.93,33.02,12.21,4.06,232.106185913086,42,599.804870605469,635.969055175781,267.106170654297,196.557052612305,71,230.106185913086,222.812805175781,240.557052612305,222.812805175781,1741.94702148438,318.148345947266,11,64,858.897155761719,47.3743934631348,623.812561035156,47.3743934631348,695.466918945312,562.697143554688,8473.404296875,35.7711334228516,2.923175573349,33.880485534668,3.46749448776245,504.533905029297,35.1253356933594,0.518002331256866,1193558.25,5096469.5,3.36990922278346e-07,68.4446563720703,-15.7229900360107,1.55493903160095,0.410374343395233,0.453737407922745,49
"54","TJK050",12.3031,0.392328,441.14,13.96,0.75,376.23,14.57,2.26,2.74,39.29,0.47,3.97,33.64,11.41,4.11,232.466323852539,42,599.932678222656,635.230407714844,267.517456054688,197,71,230.466323852539,223.466323852539,241,223.466323852539,1687.89624023438,304.647186279297,10,63.5944900512695,824.854797363281,45.0867614746094,610.4306640625,45.0867614746094,687.976623535156,605.52734375,8488.6845703125,39.8637351989746,1.93091261386871,35.2435607910156,0.862872898578644,497.236083984375,40.2645416259766,0.68383514881134,1071779.25,5328605.5,7.73361591654975e-07,71.7939376831055,-16.0117874145508,1.57067120075226,0.331505686044693,0.48212730884552,49
"55","TJK053",10.5485,0.35979,209.55,437.88,14.19,497.5,137.18,700.14,0.08,64.8,2.67,5.04,43.77,13.51,5.07,231.134918212891,45,604.569580078125,608.489074707031,267.054718017578,193.054733276367,74,230.054733276367,222.134918212891,240.054733276367,222.134918212891,2492.84912109375,427.2314453125,5,62.8735694885254,1226.31018066406,31.7761993408203,852.808227539062,31.7761993408203,627.769897460938,591.78662109375,8725.1748046875,40.9923858642578,3.72737526893616,68.5026550292969,-4.26379823684692,419.922515869141,138.531402587891,1.07794547080994,-14629588,-10355651,2.65617427430698e-06,217.433364868164,-16.3003234863281,1.57076644897461,0.326051652431488,0.420661509037018,49
"56","TJK054",10.5828,0.361278,579.6,27.18,0.55,459.01,28.8,4.76,8.61,57.75,1.77,4.34,48.04,13.51,2.76,229.434341430664,45,604.13037109375,607.556823730469,264.919799804688,191,74,228,220.126434326172,237.919815063477,220.126434326172,2412.59594726562,416.961273193359,5,63,1185.2548828125,31,834.948547363281,31,615.341796875,566.116516113281,8739.1396484375,37.3901023864746,3.22811603546143,4.46623229980469,-3.85840606689453,466.271484375,7.77177667617798,17.6425323486328,2202655.25,-9972306,0.0116514433175325,184.47492980957,-10.4159669876099,1.50575339794159,0.305438697338104,0.455270737409592,49
"57","TJK055",10.3768,0.320398,392.28,23.06,0.43,307.19,16.18,2.88,3.47,34.31,0.73,4,58.55,11.69,2.64,248.433181762695,44,597.697204589844,625.963806152344,283.460845947266,209.460861206055,74,246.460861206055,238.460861206055,256.460845947266,238.460861206055,2371.58984375,410.206634521484,5,63.3895797729492,1187.48364257812,31.086763381958,794.907470703125,31.086763381958,711.781372070312,776.115966796875,8489.4365234375,55.331787109375,3.1807587146759,17.2606086730957,0.380196362733841,135.648239135742,26.8216876983643,2.79352140426636,3989983.5,-7211628,0.000847126997541636,235.563873291016,-15.6252765655518,1.54543578624725,0.482820063829422,0.478114128112793,67
"58","TJK056",10.406,0.386473,428.97,13.33,0.33,253.4,20.09,1.86,2.94,38.48,1.14,4.54,78.35,6.86,1.61,242.830169677734,45,601.236206054688,620.664611816406,278.801635742188,204.623550415039,74,241.623550415039,233.801635742188,251.801635742188,233.801635742188,2282.044921875,381.509613037109,4.82191467285156,63,1124.31921386719,29.5934600830078,784.042419433594,29.5934600830078,593.000915527344,551.749816894531,8874.701171875,37.9027099609375,2.51566934585571,6.341064453125,-3.61096119880676,187.103317260742,8.59651184082031,5.736412525177,2690245.75,-12333695,0.00127471378073096,326.416534423828,-13.5929250717163,1.53676688671112,0.402880817651749,0.487145572900772,49
"59","TJK057",10.3491,0.356778,603.41,14.41,1.56,591.68,22.29,2.55,4.56,58.52,0.94,3.97,59.82,11.69,4.21,246.293380737305,44,599.706604003906,623.455444335938,282,208,74,245,237.17951965332,255.17951965332,237.17951965332,2459.22875976562,418.9541015625,5,63,1226.38708496094,32.6409645080566,842.090759277344,32.6409645080566,697.672668457031,650.556701660156,8733.94140625,45.7355194091797,3.61624264717102,2.36141133308411,-5.68117761611938,134.149871826172,7.51628875732422,5.51581287384033,902950.0625,-6929928.5,0.000657703494653106,296.558349609375,-11.3923072814941,1.49560880661011,0.463447362184525,0.566301047801971,67
"60","TJK058",10.9601,0.634563,238.47,25.47,0.2,274.63,35.76,5.81,6.72,49.9,1.19,4.4,85.2,5.19,1.82,234.622909545898,44,609.346740722656,617.181457519531,270.276184082031,197.276184082031,73,232.622909545898,225.622909545898,242.984817504883,225.622909545898,1825.54479980469,313.259704589844,6,60,850.536926269531,30.7238159179688,637.6220703125,30.7238159179688,823.81689453125,793.54345703125,7954.48486328125,60.1470489501953,3.06237769126892,5.14047956466675,-3.95626592636108,384.561584472656,17.5575752258301,10.020188331604,3003859,-13933896,0.00452299742028117,179.064743041992,-11.2038822174072,1.50574290752411,0.209298774600029,0.3735611140728,49
"61","TJK059",10.9642,0.645738,361.14,32.68,0.37,362.23,33.82,4.2,4.13,62.14,1.18,3.98,51.04,9.5,4.35,235.692413330078,44,609.692443847656,618,270.867889404297,197.867904663086,73,233.692413330078,226.692413330078,243.824523925781,226.692413330078,1701.45190429688,291.871948242188,6,60,798.045471191406,28.2761840820312,589.359008789062,28.2761840820312,850.975158691406,811.602233886719,7958.41015625,59.2849388122559,3.33100962638855,9.86687469482422,-2.42127132415771,398.005706787109,17.1647968292236,10.218822479248,6175080.5,-12105012,0.00487418891862035,169.061782836914,-14.1802635192871,1.55482113361359,0.21231646835804,0.387633591890335,49
"62","TJK060",10.8741,0.438612,395.17,44.48,2.02,899.96,22.04,17.94,9.23,65.89,3.14,4.24,27.1,13.62,3.51,240,44,604,618.247802734375,275.016845703125,202,73,238,231,248.016830444336,231,1459.68139648438,247.968170166016,4,62,707.662719726562,20,510.291229248047,20,839.170654296875,824.828002929688,7924.5234375,62.2882881164551,3.85561299324036,0.838793694972992,-4.89250946044922,314.513671875,5.74059820175171,9.70320224761963,736761.25,-2745440.25,0.00572222145274282,206.031158447266,-8.90791988372803,1.46903777122498,0.209299564361572,0.27497872710228,63
"63","TJK061",10.8149,0.474867,256.93,42.88,1.11,379.04,23.6,8.16,6.29,30.62,1.1,4.34,66.87,6.59,1.76,233.177215576172,44.8227882385254,606.177185058594,613.046569824219,268.789123535156,195.177215576172,73,231.789123535156,224.177215576172,241.789123535156,224.177215576172,1542.84008789062,259.990997314453,4,61,749.059753417969,22,535.755676269531,22,802.084838867188,788.453552246094,8221.3623046875,54.2166328430176,3.91976571083069,7.00325536727905,-5.4100170135498,416.940826416016,5.38318729400635,2.37098836898804,1385660.125,-7612604,0.000144200646900572,133.047607421875,-12.1061410903931,1.4911025762558,0.205532312393188,0.318249106407166,49
"64","TJK062",10.8205,0.436618,417.54,5.69,1.56,558.59,11.44,2.63,2.96,36.75,0.74,3.7,31.77,13.88,3.88,232.320755004883,44,605.135009765625,612.06787109375,268.025360107422,194.320755004883,73,231.025344848633,223.320755004883,241.025344848633,223.320755004883,1558.88293457031,263.292785644531,4,62,760.836120605469,20.5908088684082,542.097534179688,20.5908088684082,749.904113769531,748.76611328125,8294.5068359375,51.1711235046387,3.69974517822266,37.2961883544922,6.40132713317871,455.580139160156,48.5534896850586,0.552472770214081,13011933,3548658.25,5.37374546638603e-07,80.685920715332,-17.2118530273438,1.57074439525604,0.211291939020157,0.315747022628784,63
"65","TJK063",13.170715,1.112763,341.41,793.68,1.25,5567.56,108.77,111.01,41.41,193.76,4.12,4.38,73.16,38.07,8.44,215.944763183594,45,625.965087890625,645.702697753906,252.90625,181.794296264648,71,211.944763183594,206.794296264648,224.90625,206.794296264648,2158.33666992188,384.728210449219,33,56,996.320495605469,151.009704589844,755.232543945312,151.009704589844,691.752807617188,398.041076660156,8836.0390625,22.9383277893066,3.30450010299683,277.967224121094,5.38322973251343,859.099365234375,287.406829833984,0.512312114238739,7757862.5,30159974,2.7401495117374e-07,27.1157932281494,-17.8233757019043,1.57075428962708,0.460692077875137,0.455822288990021,16
"66","TJK064",13.169138,1.132038,645.37,42.85,0.31,8223.95,57.69,9.99,84.38,252.4,3.62,3.69,32.27,49.3,11.83,215.464736938477,45,625.967163085938,643.1982421875,252.464736938477,180.80436706543,71,211.543838500977,205.543838500977,224.464736938477,205.543838500977,2114.18408203125,380.990600585938,32.8185844421387,56.2933654785156,987.255554199219,150.455749511719,730.674133300781,150.455749511719,706.703125,522.890747070312,8686.1015625,34.0296897888184,2.83097386360168,301.910583496094,6.74404954910278,910.844299316406,328.461730957031,0.513405978679657,6446860,32019890,3.03529390066615e-07,16.6435794830322,-17.8049468994141,1.57076215744019,0.321923136711121,0.491250336170197,0
"67","TJK074",13.269812,0.66439,402.28,7.55,0.9,603.53,11.69,2.19,4.31,29.48,0.42,3.93,49.96,8.18,3.26,231.293380737305,44,613.032836914062,663.715881347656,268.293365478516,196.032836914062,72,228.032836914062,222,240.293380737305,222,1590.96765136719,280.068328857422,16.6275177001953,57,710.928588867188,85.8168640136719,553.999389648438,85.8168640136719,760.555908203125,680.595458984375,8143.87451171875,41.668140411377,2.60129165649414,5.25975608825684,-0.682436168193817,500.433837890625,9.85960006713867,1.96897530555725,971417.125,-994791.3125,8.72249220265076e-05,171.476165771484,-12.8263244628906,1.50134801864624,0.203544661402702,0.252949565649033,16
"68","TJK075",13.25673,0.662896,347.3,44.9,1.96,315.75,27.73,12.94,3.27,37.66,0.51,4.02,39.98,9.3,3.25,229.87255859375,44,613.628784179688,661.18359375,266.846008300781,194.84602355957,72,226.84602355957,220.243774414062,238.84602355957,220.243774414062,1614.39196777344,282.268920898438,16.5854072570801,57,716.284301757812,85.7225570678711,566.132995605469,85.7225570678711,777.318542480469,685.05615234375,8188.0068359375,41.3446235656738,1.92649555206299,41.1097869873047,2.87440824508667,539.320556640625,49.5957145690918,0.670868694782257,1900429.25,2450693.25,7.57813836571586e-07,132.801666259766,-15.8184394836426,1.56856596469879,0.209712013602257,0.256549805402756,16
"69","TJK078",13.197774,0.757539,349.8,46.62,1.82,372.04,21.52,10.91,3.07,31.09,0.36,4.07,44.2,9.4,3.43,231.075012207031,44,614.138061523438,662.598083496094,268,196,72,227.606414794922,221.075012207031,240,221.075012207031,1631.25646972656,291.127044677734,17.5316390991211,57.6064109802246,738.609130859375,90.7209930419922,569.312194824219,90.7209930419922,746.705871582031,707.702941894531,8293.9775390625,42.7615051269531,2.10402512550354,22.9894065856934,2.4439971446991,521.050842285156,28.5639991760254,0.646383702754974,989302.8125,2908578,6.7346201149121e-07,163.197540283203,-15.392053604126,1.55522263050079,0.320168852806091,0.265163034200668,0
"70","TJK079",13.198464,0.955805,546.53,5.6,0.8,937.2,11.67,2.74,6.83,53.16,0.43,3.63,37.53,15.08,4.51,215.915557861328,44.5675773620605,622.337768554688,647.639221191406,252.736022949219,180.915557861328,71.3880462646484,212.029403686523,206.029403686523,224.736022949219,206.029403686523,2043.21765136719,361.976196289062,26.4669609069824,57,928.385314941406,128.751846313477,706.770263671875,128.751846313477,772.224304199219,455.551940917969,8611.09765625,29.3232288360596,2.59790420532227,201.392715454102,4.20267200469971,844.995849609375,257.941680908203,0.537931084632874,2694544.75,19055810,3.46925304484103e-07,31.5504093170166,-17.5762977600098,1.57021951675415,0.158633604645729,0.280031502246857,16
"71","TJK080",13.222239,1.097522,711.57,17.49,4.57,620.62,23.76,14.35,4.6,81.48,0.77,3.81,49.92,17.75,6.1,209.816543579102,45,627.097534179688,640.982727050781,246.816543579102,175.563674926758,71,205.95458984375,200.563674926758,218.816543579102,200.563674926758,2116.09252929688,374.853210449219,31.4883003234863,56,970.975036621094,147.71760559082,728.075439453125,147.71760559082,734.850952148438,462.135925292969,8663.2119140625,29.6740818023682,2.89516568183899,174.070373535156,-2.0986852645874,899.658325195312,125.744407653809,0.799001455307007,-2483198.25,483773.15625,1.35903269438131e-06,27.0720710754395,-15.6322345733643,1.56806218624115,0.267433106899261,0.387672692537308,16
"72","TJK081",13.200531,1.073586,429.21,5.29,0.78,694.1,8.94,2.67,4.69,35.34,0.36,3.69,45.15,12.24,3.41,210.199951171875,45,626.276123046875,642.719421386719,247.199951171875,176.012771606445,71,206.906585693359,200.906585693359,219.199951171875,200.906585693359,2200.95263671875,389.999786376953,31.9110832214355,56,1007.82318115234,150.107620239258,765.346008300781,150.107620239258,699.522766113281,401.621795654297,8861.306640625,25.4449558258057,2.47842526435852,250.831039428711,1.44071328639984,964.075988769531,251.917205810547,0.590227842330933,-4479594,16189014,4.54096124258285e-07,36.9573745727539,-17.6972560882568,1.57076907157898,0.411947995424271,0.37218701839447,16
"73","TJK082",13.209873,1.120477,785.19,6.36,1.44,782.82,11.83,4.61,5.13,51.3,0.55,3.71,38.67,19.8,5.75,208.4560546875,45,629.236450195312,639.325927734375,245.4560546875,174.412689208984,71,205.066436767578,199.066436767578,217.440353393555,199.066436767578,2185.58959960938,386.280883789062,33.696231842041,56,1001.73913574219,155.757247924805,758.474182128906,155.757247924805,694.223937988281,452.838775634766,8760.455078125,29.8747463226318,4.29490280151367,247.364120483398,3.53162002563477,992.947143554688,186.377899169922,0.552555322647095,-91721.5390625,12995576,3.78087776198299e-07,13.634222984314,-17.2352676391602,1.56578779220581,0.255018919706345,0.431031584739685,16
"74","TJK083",13.18257,1.077299,560.76,7.47,0.41,563.34,12.51,2.47,5.04,52.79,0.38,3.83,46.14,13.2,3.85,219.695922851562,45,624,648.363952636719,256.695922851562,185.261596679688,71.8735504150391,215.695922851562,210.181411743164,228.695922851562,210.181411743164,2128.54736328125,387.881500244141,32,56.9198150634766,1001.92333984375,148.160369873047,730.035705566406,148.160369873047,707.617553710938,447.467926025391,8800.4609375,30.0340747833252,2.44515657424927,161.493743896484,5.58141851425171,798.550415039062,172.067245483398,0.503353238105774,3739291,29851062,2.65841691771129e-07,96.1413803100586,-17.8954486846924,1.57076275348663,0.417456805706024,0.391394466161728,16
"75","TJK084",13.160829,1.096374,365.61,3.51,0.14,553.06,10.39,1.71,3.28,41.62,0.38,3.8,36.58,10.85,3.04,225.631912231445,45,622.892883300781,652.521240234375,262.636779785156,191.593399047852,72,221.636764526367,215.636764526367,234.636764526367,215.636764526367,2040.76098632812,370.119354248047,30.70751953125,56,957.027587890625,143.450866699219,712.820678710938,143.450866699219,739.630615234375,387.523559570312,8665.3662109375,24.6264553070068,2.06297516822815,128.378234863281,8.29929161071777,677.260009765625,137.047500610352,0.487019628286362,5175012,31107302,2.65609770622177e-07,126.927856445312,-17.8101940155029,1.57075381278992,0.393348515033722,0.436972200870514,16
"76","TJK085",13.158126,1.035699,670.56,7.25,1.86,616.96,11.86,3.27,4.58,45.57,0.45,3.88,27.95,14.32,4.7,221.037551879883,44.3880500793457,622.181396484375,649.991271972656,258.037567138672,186.244186401367,71.6921310424805,217.117736816406,211.117736816406,230.037551879883,211.117736816406,2167.6162109375,384.644073486328,30.4053173065186,56,991.0068359375,143.215957641602,763.79345703125,143.215957641602,731.355651855469,389.867401123047,8828.6826171875,22.8624210357666,4.87077856063843,118.781204223633,4.46251392364502,743.623352050781,119.542053222656,0.583748757839203,9312895,2354372.5,4.02639500407531e-07,28.3289031982422,-17.00901222229,1.57074737548828,0.224863767623901,0.356512874364853,16
"77","TJK086",13.167043,1.114045,424.57,5.62,1.15,701.36,9.41,3.56,5.81,34.13,0.36,3.8,40.22,11.3,3.67,217.539443969727,45,626.012390136719,646.297424316406,254.352264404297,182.990310668945,71,213.539443969727,207.990310668945,226.352264404297,207.990310668945,2157.53857421875,384.538848876953,33,56,995.847106933594,151.212371826172,754.353759765625,151.212371826172,673.6171875,403.222900390625,8836.51953125,23.5936908721924,3.73894357681274,254.28938293457,0.666435420513153,836.840087890625,276.563385009766,0.657208681106567,313772.6875,3078456.75,5.52240692286432e-07,61.329761505127,-17.6175651550293,1.57077574729919,0.471739053726196,0.461950063705444,16
"78","TJK087",13.188194,0.943399,374.12,3.39,0.69,1354.45,10.18,2.52,7.75,50.65,0.4,3.58,34.56,17.02,3.66,213.942398071289,44,623.023010253906,646.200561523438,250.258560180664,178.942398071289,71.3161544799805,210.258560180664,204.080459594727,222.258560180664,204.080459594727,2172.01293945312,385.967712402344,27.4602184295654,57,989.960021972656,135.082046508789,757.263061523438,135.082046508789,724.537292480469,388.370697021484,8744.634765625,22.8928642272949,1.62807464599609,193.240158081055,-0.376240253448486,842.698120117188,191.645233154297,0.734691441059113,-4352159,6704895,6.37592563634826e-07,63.1221580505371,-16.9885654449463,1.57076776027679,0.155748382210732,0.282723635435104,16
"79","TNT076",13.2038,-1.20981,740.6,7.14,1.37,408.44,7.43,2.14,1.29,61.88,0.84,4.11,48.03,8.42,6,242,45,574.9208984375,705.492309570312,278.967163085938,200,79,240.967147827148,231.627487182617,251.627487182617,231.627487182617,2073.48754882812,294.174163818359,9.92089748382568,56,872.383483886719,51.5387916564941,720.0205078125,51.5387916564941,872.238952636719,472.636901855469,7666.4462890625,26.7013931274414,3.0493438243866,34.6217460632324,4.49828720092773,360.136383056641,34.6267509460449,0.532987833023071,2884334.75,6168595.5,4.00883692464049e-07,97.2345657348633,-16.8787860870361,1.55258238315582,0.411738157272339,0.286478847265244,27
"80","TNT077",13.0751,-1.11754,706.81,4.9,0.82,440.06,8.33,1.95,1.5,43.66,2.91,3.72,68.9,5.87,5.42,242.663238525391,45,574.442932128906,702.250061035156,279.106201171875,201.106201171875,78,241.21240234375,232.106201171875,252.106201171875,232.106201171875,1516.32019042969,205.97785949707,6,56.361946105957,616.226989746094,33.2761039733887,512.97802734375,33.2761039733887,842.115966796875,653.850830078125,7812.50634765625,37.4108123779297,3.22739887237549,6.15913391113281,-4.70210647583008,316.504974365234,12.2860469818115,3.02434968948364,910131.75,-10386540,0.000154083187226206,145.626831054688,-13.490252494812,1.53848242759705,0.385071694850922,0.269906252622604,49
"81","TNT078",13.0276,-1.00172,431.09,8.08,0.57,321.94,10.75,5.41,2.74,41.25,1.27,4.22,67.33,6.61,3.93,236.355087280273,45,576.673767089844,697.768249511719,272.648498535156,195.355087280273,77.2934036254883,235.355087280273,225.355087280273,245.355087280273,225.355087280273,1577.55065917969,225.314590454102,6,57,673.943725585938,34.158203125,538.223266601562,34.158203125,815.2900390625,659.3271484375,7979.623046875,39.0163803100586,2.33677434921265,175.819274902344,8.37809562683105,543.760986328125,228.38037109375,0.483503937721252,8001295.5,15922048,2.36615093740511e-07,4.94483280181885,-16.7364749908447,1.5661678314209,0.55439954996109,0.349939614534378,49
"82","TNT079",12.866,-1.21352,570.81,8.19,0.54,335.2,12.49,2.18,4.1,59.25,1.77,3.73,78.96,6.45,3.89,226.860107421875,45,571.485534667969,698.615783691406,262.940277099609,184.860107421875,78,225.425796508789,215.940277099609,235.940277099609,215.940277099609,2149.47900390625,302.625457763672,6.1264214515686,58,892.057861328125,37.9584197998047,773.339965820312,37.9584197998047,748.05517578125,290.5966796875,8490.3037109375,14.818416595459,3.20759773254395,113.040321350098,6.83684587478638,693.651916503906,111.481582641602,0.498457729816437,2533856.5,11706507,3.06894662571722e-07,6.10165643692017,-16.7602672576904,1.5650053024292,0.705892264842987,0.519710779190063,49
"83","TNT080",12.9505,-1.25233,753.91,8.35,0.52,438.23,13.08,2.52,3.4,57.59,1.83,3.88,69.64,9.43,5.32,226.923583984375,45,571.549133300781,699.753662109375,263.480621337891,184.923583984375,79,225.923583984375,216.374420166016,236.374420166016,216.374420166016,2127.39599609375,310.037414550781,7.70658922195435,58,922.886291503906,43.1197662353516,746.761962890625,43.1197662353516,676.392517089844,357.617218017578,8573.37109375,22.932544708252,3.0522665977478,68.1503677368164,8.3424654006958,649.362854003906,77.297966003418,0.482554316520691,15272516,8129646,2.55407201166236e-07,32.5811157226562,-17.516040802002,1.57074296474457,0.463189363479614,0.386324822902679,49
"84","TNT081",12.7183,-0.90493,584.77,65.1,2.82,594.49,42.1,2050.87,0.59,84.57,3.68,4.64,37.66,11.03,6.34,228.827392578125,44,575,686.059143066406,264.827392578125,188.827392578125,76,227.827392578125,218.827392578125,237.827392578125,218.827392578125,1933.79797363281,290.704833984375,4.97230529785156,59,869.244689941406,34.3886489868164,635.415100097656,34.3886489868164,741.446044921875,539.608093261719,8419.7412109375,38.8797569274902,2.03855729103088,66.6294555664062,0.483092993497849,576.174865722656,139.088439941406,0.894154250621796,303742.3125,120790.4140625,2.12107647712401e-06,64.5447692871094,-15.9708385467529,1.57070696353912,0.556784510612488,0.669014275074005,27
"85","TNT082",12.9211,-0.88698,1238.71,12.46,6.69,669.38,25.31,13.06,3.36,98.71,2.53,3.79,8.75,11.29,12.05,242.818542480469,44,576.043395996094,694.005981445312,279.818542480469,202.818542480469,77,241.818542480469,232.818542480469,251.861938476562,232.818542480469,1413.57653808594,205.700408935547,4.17546701431274,57,613.365356445312,28.5264015197754,464.384704589844,28.5264015197754,769.118591308594,680.467407226562,7886.7900390625,46.5021629333496,3.35212588310242,2.57065558433533,-0.666325569152832,318.106231689453,7.51941823959351,3.14412569999695,2681965.75,-6307962.5,0.000335681426804513,206.212631225586,-12.0550546646118,1.50362026691437,0.423591017723083,0.522481441497803,49
"86","TNT083",11.015301,-3.775718,9.22,5.97,0.01,31.05,5.79,0.24,3.04,6.09,0.1,4.59,93.44,0.81,0.55,251.611907958984,33.7206382751465,393.652191162109,1431.49658203125,287.611907958984,202.068450927734,85.2109146118164,255.279357910156,229.611907958984,267.891265869141,227.068450927734,1477.87219238281,304.66748046875,1,78,761.890563964844,4,475.084594726562,13,897.069213867188,626.742980957031,7933.7802734375,40.6088027954102,3.97626852989197,3.64237117767334,0.760796964168549,16.7678108215332,5.00038623809814,0.753138482570648,-15323.6123046875,1384885.5,1.1879672001669e-06,167.236785888672,-14.2015266418457,1.52617132663727,0.212733253836632,0.166670024394989,0
"87","TRUSTM010",13.8602,-1.97531,101.51,2.61,0.04,199.28,2.78,0.44,9.66,10.68,0.18,3.81,96.43,2.28,1.05,237.457534790039,48,580.488037109375,675.472778320312,273.622802734375,190.457534790039,83,236.110809326172,227.914108276367,246.622802734375,227.110809326172,1982.29455566406,293.143005371094,12.3619623184204,56.1652641296387,852.445190429688,55.904426574707,676.481079101562,59.8098106384277,789.636291503906,367.556427001953,7770.62353515625,13.6708183288574,3.13107967376709,11.4821634292603,-3.6247353553772,457.7578125,18.5879306793213,1.01580882072449,-1647287.5,-6206929,2.90122193291609e-06,92.4220428466797,-15.0063457489014,1.56137144565582,0.278638124465942,0.239360705018044,0
"88","TRUSTM011",13.8538,-1.97292,85.86,1.59,0.02,221.56,2.42,0.35,8.83,8.88,0.15,3.87,97.64,2.08,1.13,236.040481567383,48,580.70458984375,675.911193847656,272.335876464844,189.040481567383,83,235.040481567383,226.335891723633,245.223922729492,226.040481567383,2055.11791992188,304.558197021484,12.8880376815796,56.29541015625,886.396545410156,57.8706893920898,699.261535644531,62.6641120910645,784.675170898438,349.929290771484,7703.64111328125,14.4328136444092,2.74147462844849,99.943115234375,9.501784324646,543.333129882812,100.177612304688,0.474160581827164,5851317.5,14708339,2.48538924552122e-07,10.6883811950684,-17.3485088348389,1.5694831609726,0.284054070711136,0.244280740618706,0
"89","TRUSTM012",13.8672,-1.97464,130.88,2.12,0.05,545.09,4.28,0.89,6.48,14.64,0.16,4.1,87.99,3.79,1.26,238.834732055664,48,580.511962890625,674.716125488281,275.181457519531,191.834732055664,83,237.346725463867,229.346725463867,247.834732055664,228.638031005859,1839.14611816406,270.143981933594,11.3619623184204,56,784.904724121094,51.904426574707,632.060119628906,54.809814453125,826.487487792969,392.931701660156,7816.55810546875,11.290150642395,2.80344867706299,5.48586368560791,-3.90720868110657,440.549926757812,8.22794437408447,1.45765960216522,2187060,-8777496,1.12337766040582e-05,108.874954223633,-13.478853225708,1.5270619392395,0.275095641613007,0.23555351793766,0
"90","TRUSTM013",13.9257,-1.92769,762.5,84.49,0.43,759.99,28.29,4.63,29.42,57.03,1.07,4.39,65.13,10.84,4.3,241.106201171875,48,581.893798828125,673.21240234375,277.812774658203,194.557037353516,83,239.812789916992,231.812789916992,250.557037353516,230.812789916992,1713.029296875,249.5478515625,11.1872148513794,55.7065773010254,729.387817382812,50.8550682067871,584.090026855469,55.0501327514648,829.591064453125,409.007568359375,7573.23291015625,21.7581768035889,3.81793475151062,3.31043791770935,-4.40519762039185,401.069976806641,11.3773937225342,2.87696433067322,-806602.9375,-3491395.25,0.000226707037654705,163.960037231445,-11.9386491775513,1.50100195407867,0.331168383359909,0.257160186767578,0
"91","TRUSTM014",13.9306,-1.93622,305.6,12.34,0.06,191.49,12.75,1.57,4.75,38.4,0.51,4.12,90.67,3.11,2.46,241,48,582.706604003906,671.684387207031,277.350463867188,194.350448608398,83,239.959503173828,231.959503173828,250.350448608398,231,1684.57409667969,245.49772644043,11,56,716.843627929688,50.0405044555664,575.288879394531,53.5868453979492,820.541381835938,462.036102294922,7596.11669921875,24.2369747161865,2.64586091041565,8.31130981445312,-0.128074154257774,408.946014404297,19.0089874267578,1.29585444927216,-614456.8125,865804,6.68720167595893e-05,160.962066650391,-14.6726589202881,1.53508341312408,0.315607905387878,0.246389925479889,0
"92","TRUSTM015",13.9301,-1.94395,280.82,8.57,0.14,306.21,5.24,1.3,5.64,15.73,0.33,4.37,91.31,4.6,1.38,240.293426513672,48,583,669.627380371094,277.040496826172,194.040496826172,83,239.293426513672,231.293426513672,249.333923339844,230.293426513672,1698.09313964844,247.654251098633,11,56,722.296691894531,50,579.624938964844,54.2180862426758,824.882629394531,457.242645263672,7581.87451171875,23.093297958374,2.94053792953491,3.24347853660583,-4.23529577255249,419.355346679688,3.24884486198425,1.85895001888275,681475.8125,-3712597.25,2.68303010670934e-05,152.235626220703,-13.4014940261841,1.53312599658966,0.302070707082748,0.238017395138741,0
"93","TRUSTM016",13.9398,-1.9372,215.88,4.9,0.07,85.17,5.92,0.42,14.23,16.74,0.31,3.94,91.49,3.31,1.95,241.371185302734,48,582.956604003906,671.31787109375,277.956573486328,194.956573486328,83,240.327758789062,232.327758789062,250.956573486328,231.371185302734,1690.06750488281,245.803146362305,11.0168495178223,55.9831504821777,718.366027832031,50.1108245849609,576.847534179688,53.9134674072266,912.794738769531,494.23095703125,7649.501953125,26.4583911895752,2.60015153884888,4.02309131622314,-0.851462960243225,403.045166015625,13.9823656082153,1.42997884750366,724325.5,-2446399.75,6.05778659519274e-05,173.26823425293,-14.208927154541,1.54390740394592,0.311424344778061,0.239536106586456,0
"94","TS055",9.34064,-0.17397,674.27,9.06,0.06,172.57,5.23,0.86,9.73,17.66,0.29,3.95,81.89,4.48,2.83,253.611877441406,29,473.953460693359,805.379028320312,282.434661865234,220.434661865234,62,251.944366455078,240.944366455078,264.434661865234,240.944366455078,2699.91479492188,476.448333740234,5,67,1315.03820800781,23,1008.98602294922,23,842.715148925781,487.294677734375,7818.263671875,18.8750514984131,4.14424991607666,9.61932277679443,-5.27802324295044,40.2710952758789,14.5665607452393,0.954541265964508,-4724375.5,1366898.75,2.78642619377933e-06,164.584121704102,-15.338924407959,1.56440377235413,0.783933758735657,0.336475431919098,89
"95","TS056",9.356516,-0.158045,238.78,7.5,0.34,422.74,4.81,1.01,14.22,15.11,0.32,3.73,88.03,4.06,1.5,252.210906982422,30,478.055633544922,799.644165039062,281.210906982422,219,62,250.822784423828,239.490295410156,263,239.490295410156,2815.67504882812,497.734985351562,5,67,1373.73657226562,24.6455593109131,1053.23706054688,24.6455593109131,761.456848144531,587.642761230469,8099.41259765625,29.3780937194824,3.43717217445374,17.4144229888916,4.50856971740723,70.6468658447266,26.5448207855225,0.514388263225555,881716.875,2681741.25,3.45051375916228e-07,135.357711791992,-15.8429899215698,1.55694615840912,0.762795984745026,0.350567907094955,89
"96","TS057",9.36713,0.02516,136.57,134.04,0.23,191.47,38.25,3.09,11.2,14.57,0.5,4.16,91.35,2.98,1.78,252.740020751953,29,475.732849121094,797.227783203125,280.9052734375,220.905258178711,60,250.905258178711,239.905258178711,262.9052734375,239.905258178711,2933.11694335938,503.065521240234,5.16523838043213,66,1421.71118164062,27.1652374267578,1064.39099121094,27.1652374267578,949.474670410156,479.253387451172,7607.13232421875,26.9884338378906,4.35326766967773,22.3218097686768,-0.109188236296177,84.965934753418,40.3045921325684,0.651435613632202,-2736213,4237953,6.55201461086108e-07,118.585311889648,-16.3346424102783,1.57064473628998,0.717068016529083,0.486121594905853,49
"97","TS058",9.38102,-0.115868,99.82,3.98,0.19,206.37,4.49,0.45,10.47,12,0.21,3.9,81.86,3.62,0.87,251.468338012695,30,481.882965087891,791.170776367188,280.468322753906,218.468338012695,62,250,239,262,239,2771.87670898438,485.478210449219,5,66.1381225585938,1350.11853027344,25,1025.14855957031,25,753.009033203125,528.732604980469,8295.896484375,30.2774753570557,3.46683955192566,3.50611996650696,-2.98489999771118,67.0262603759766,8.25970077514648,2.018306016922,-634624.625,-2508608.5,6.87628344167024e-05,139.859741210938,-13.5981245040894,1.53094339370728,0.685001254081726,0.383822679519653,89
"98","TS059",9.379794,-0.059002,100.13,15.04,0.18,202.79,5.75,0.67,6.58,11.33,0.25,3.76,90.93,2.64,0.94,250.606719970703,29.531665802002,481.531677246094,788.051086425781,279.531677246094,218.468597412109,61.1381225585938,249.468597412109,238.468597412109,261.468597412109,238.468597412109,2850.28173828125,495.057250976562,5,66,1386.23315429688,25,1044.97607421875,25,798.356262207031,500.344146728516,8290.126953125,31.337308883667,4.00553369522095,14.3694000244141,-4.84227275848389,80.8442535400391,23.4525623321533,0.791584551334381,-953099.6875,-3664980.25,1.27301700558746e-06,126.181259155273,-14.5839691162109,1.54928994178772,0.723978757858276,0.426211774349213,89
"99","TS060",9.350057,0.038051,490.12,49.39,0.63,750.81,23.13,3.39,12.54,49.19,1.64,3.84,59.38,5.35,3.76,255.389556884766,28,469.942047119141,808.214660644531,284,224,60,254,243,266.361877441406,243,2785.1474609375,480.817657470703,5,66,1351.78967285156,26.2762432098389,1016.09594726562,26.2762432098389,949.210754394531,415.593139648438,7387.23583984375,11.8374166488647,3.48794889450073,6.60629653930664,3.2874960899353,27.7587471008301,14.0778007507324,0.910219311714172,2802538.25,-207093.109375,3.9641336115892e-06,176.11262512207,-14.9355802536011,1.54757297039032,0.683477461338043,0.490580350160599,49
